{
    "accuracy": 0.8035696539661717,
    "classification_report": {
        "0": {
            "precision": 0.7169069086314822,
            "recall": 0.9990396542755392,
            "f1-score": 0.8347794105354666,
            "support": 24991.0
        },
        "1": {
            "precision": 0.9984503131658811,
            "recall": 0.6106547666061133,
            "f1-score": 0.7578230292337474,
            "support": 25322.0
        },
        "accuracy": 0.8035696539661717,
        "macro avg": {
            "precision": 0.8576786108986816,
            "recall": 0.8048472104408262,
            "f1-score": 0.796301219884607,
            "support": 50313.0
        },
        "weighted avg": {
            "precision": 0.8586047221114983,
            "recall": 0.8035696539661717,
            "f1-score": 0.7960480789249059,
            "support": 50313.0
        }
    },
    "confusion_matrix": [
        [
            24967,
            24
        ],
        [
            9859,
            15463
        ]
    ]
}